id_cliente,nome,cpf,cidade,estado,renda_anual
1,Yan Pacheco,957.462.130-80,da Cruz Alegre,BA,379558.41
2,Caleb Cavalcante,702.386.419-96,Souza,PI,246590.77
3,Luiz Otávio Nunes,930.721.865-02,Carvalho,AP,337669.7
4,Isaque Teixeira,793.185.046-75,Brito,GO,269240.01
5,Henrique Gonçalves,475.239.601-70,Duarte do Sul,GO,192777.53
6,Caio Pinto,286.914.753-82,Sales,PA,368232.31
7,Lavínia Silva,415.938.206-15,Leão Alegre,PE,302889.79
8,Benício da Cunha,024.671.835-80,Silveira Alegre,MA,450320.1
9,Juan Aparecida,037.259.864-10,Costela do Galho,ES,326169.04
10,Juliana Pereira,547.186.320-80,Caldeira do Sul,RS,210571.5
11,Stella da Rosa,384.570.926-00,da Luz do Amparo,PE,349489.25
12,Amanda Nogueira,260.175.938-03,Cassiano da Prata,GO,416504.41
13,Sr. Pedro Lucas Cunha,374.852.916-37,Santos,PI,220272.85
14,Davi Miguel Moreira,507.642.981-94,Pastor Paulista,MG,380297.74
15,Thales Rocha,967.508.231-30,Pires de Caldeira,MA,182532.77
16,Ana Carolina Sousa,243.059.786-10,Campos,PE,129968.73
17,Sabrina Cunha,592.704.361-52,Costela,PB,50809.06
18,Cecília Pires,241.865.073-17,Teixeira de Pires,AM,365903.8
19,Josué Jesus,987.314.026-31,Rodrigues de Goiás,MG,307775.66
20,Ísis Brito,598.720.143-88,Santos,AP,432840.63
21,Júlia da Mata,854.362.907-10,Aparecida,GO,396873.68
22,Théo Macedo,057.193.824-88,Novaes da Praia,TO,305367.24
23,Vitor Gabriel Souza,840.752.913-32,Macedo,AC,131936.79
24,Raquel da Cruz,642.597.081-20,Macedo de Duarte,PA,193197.61
25,Isadora das Neves,187.039.654-57,Siqueira,CE,413963.12
26,Bruna Caldeira,608.394.715-48,Peixoto,ES,325121.52
27,Julia Melo,756.294.310-99,Rios das Pedras,DF,337841.05
28,Luiz Fernando das Neves,257.891.306-40,Silveira dos Dourados,PR,96849.6
29,Vinícius Novaes,904.128.367-69,da Rocha da Serra,PR,273283.28
30,Larissa Cassiano,534.706.928-74,da Mata do Sul,RN,199025.79
31,José Miguel Camargo,307.819.546-57,Correia de Viana,SE,85012.99
32,Catarina Peixoto,607.918.432-03,Nogueira,MT,206064.56
33,Sra. Catarina Castro,587.612.430-35,da Paz de Goiás,SE,193783.41
34,Augusto Duarte,814.750.692-94,Sousa das Flores,RR,336284.05
35,Thales da Rocha,967.513.084-93,Pires do Galho,MG,483385.83
36,Aylla Nogueira,568.104.273-17,Farias Verde,SP,419747.81
37,Rafael Vasconcelos,458.037.261-17,Pires,RJ,351511.06
38,Clara Leão,027.348.591-14,Souza da Prata,MG,378178.68
39,Sra. Alexia da Rocha,180.534.296-70,Pastor,PE,201087.26
40,Evelyn Porto,670.812.549-85,Cirino,PE,55128.03
41,Sr. Gael Henrique Cavalcanti,897.625.034-65,Cavalcante,AC,144357.93
42,Isabella Porto,267.158.943-37,Moura,AM,361929.23
43,Marcela Marques,510.478.963-20,Souza,AP,207716.52
44,Levi Teixeira,639.805.712-03,Carvalho,PR,404159.0
45,Dr. Luiz Miguel Moraes,415.938.706-39,Viana Alegre,MG,374186.11
46,José Pedro Rocha,469.503.812-98,Vargas,PB,71666.36
47,José Pedro Cunha,632.978.045-56,da Conceição do Norte,AM,247199.06
48,Srta. Maria Julia Cirino,261.540.738-44,Moraes do Norte,PR,238843.95
49,Arthur Gabriel Andrade,854.396.170-00,Moraes,MA,124852.3
50,Gabrielly Monteiro,513.207.864-80,da Mota,MA,236308.62
51,José Pedro Rezende,328.456.019-05,das Neves do Galho,AC,446796.8
52,Dr. Gael Henrique Moraes,241.053.678-62,Alves,RS,208054.03
53,Cauê Sá,632.948.751-00,Santos,MA,218906.41
54,Ana Liz Nogueira,315.208.769-12,Alves de Mendonça,CE,422963.14
55,Liz Rocha,016.934.527-07,Vargas da Serra,SP,404928.5
56,Apollo Cunha,831.247.059-04,da Rosa,MA,310124.97
57,Maria Luiza Santos,297.081.453-60,Rocha,MA,391209.59
58,Sra. Ana Julia Garcia,019.526.437-16,Nogueira,PB,151512.23
59,Lavínia Nascimento,697.012.584-01,Caldeira,RS,253079.34
60,Leonardo da Luz,098.413.567-75,Costela,PI,409637.55
61,Sr. Renan Andrade,607.582.391-30,Costela de Macedo,AP,65035.75
62,Isaac Silva,091.574.362-07,Silva,PE,59035.1
63,Clarice Rodrigues,783.604.195-66,Pastor,SC,167507.47
64,Gabriela Fogaça,015.438.926-98,Montenegro,RR,97126.27
65,Manuela Fonseca,576.413.028-07,Fogaça Paulista,PR,203813.69
66,Jade Oliveira,416.829.037-96,Teixeira,RN,449569.07
67,Maria Laura da Luz,358.941.670-00,Silva do Norte,MA,122407.02
68,Maria Cecília Correia,205.814.637-90,Martins,RR,83751.09
69,Ana Liz Rios,385.672.014-62,Rezende da Prata,MS,473825.36
70,Daniel Sampaio,728.190.354-50,Sá,TO,490118.69
71,Bruno Marques,789.305.621-59,Pacheco,MG,202077.76
72,Otávio Pacheco,138.296.074-31,Pimenta,MA,493374.25
73,Bryan Machado,610.759.832-40,Barros de Sá,PA,451951.78
74,Marcos Vinicius da Paz,582.706.349-56,da Costa,CE,367027.09
75,Maria Luiza Araújo,176.953.240-43,Correia,AC,244095.5
76,Ana Julia Nogueira,271.958.043-05,Moura,PA,344135.83
77,Caio Castro,721.439.506-16,Correia do Galho,SP,323292.93
78,Bárbara Cardoso,751.690.824-01,Cavalcante do Sul,AM,245390.17
79,Davi Lucca Correia,376.451.092-70,Moreira Verde,MS,74100.08
80,Yago Costela,762.153.890-21,Montenegro,ES,198992.56
81,Srta. Ana Cecília Barbosa,089.235.471-23,Albuquerque,PR,488479.29
82,Dr. Lucas Gabriel Mendonça,658.417.203-17,Ferreira Verde,MT,234175.94
83,Henry Pacheco,430.862.795-83,Ferreira do Sul,ES,299350.59
84,Cecilia Cassiano,218.596.734-73,Porto de Teixeira,RN,466508.12
85,Emilly Costa,704.562.938-92,Camargo das Pedras,ES,293056.44
86,Maitê Viana,359.180.476-20,Casa Grande,SE,347269.05
87,Otto Barbosa,327.804.961-69,Vieira,RN,183830.29
88,Ana Júlia Mendonça,761.283.094-96,Pires de Porto,RN,93162.16
89,Vitor da Rosa,751.468.239-28,Vargas de Goiás,RR,226806.0
90,Eloá Aragão,614.837.092-13,Ramos,MA,297348.19
91,Yasmin Moraes,637.401.825-71,Jesus do Galho,SE,270926.72
92,Valentina Rios,074.615.982-01,Novais,AM,74527.18
93,Maria Laura Porto,287.954.360-65,Cavalcante,DF,51717.01
94,Júlia Mendes,218.750.369-03,Rocha dos Dourados,BA,89432.76
95,Lavínia Peixoto,158.027.496-01,Porto,MG,420753.79
96,Juliana Rocha,034.617.295-07,da Costa de Marques,TO,331290.93
97,Miguel Alves,814.972.035-97,Fonseca,ES,266147.78
98,Bento Costa,674.329.085-83,Garcia,AM,93644.1
99,Alexia Rezende,045.273.189-50,Campos,BA,143128.84
100,Maria Cecília Peixoto,963.807.254-74,Azevedo de Goiás,SC,337185.8
101,Ana Carolina Cassiano,350.716.492-25,Siqueira da Serra,RR,489675.96
102,Alícia Pinto,502.376.914-34,Pinto da Serra,SP,263106.79
103,Maria Clara Lima,369.815.240-15,Silva da Mata,CE,101979.02
104,José Miguel Gonçalves,321.084.756-80,Garcia Alegre,BA,403194.46
105,Sra. Maitê Cavalcanti,215.076.389-30,da Paz Alegre,AM,261925.0
106,Júlia Porto,059.472.638-74,Pires de Almeida,AL,452694.87
107,Vitor Hugo Cavalcante,329.701.684-13,Costa,MS,169251.98
108,Srta. Heloisa Castro,265.970.138-59,Jesus,MT,338839.87
109,Ana Laura da Costa,472.608.519-02,Cunha,BA,224387.2
110,Ravi Lucca Araújo,786.402.951-58,Sales,SP,216959.24
111,Pedro Lucas Rezende,183.709.546-93,Freitas,SC,221650.33
112,Bárbara Câmara,563.402.791-80,da Rosa,MG,133962.32
113,Lucas Gabriel Peixoto,079.614.283-13,Sousa de Oliveira,SP,70077.62
114,Gabriela Viana,473.186.052-08,da Luz,AL,247883.19
115,Luiz Otávio Pires,348.250.697-38,Vieira,MG,168530.36
116,Miguel Cavalcante,954.836.217-19,Barbosa,AP,426685.44
117,Emanuel Vargas,278.609.351-12,Fonseca de Cavalcante,RR,303910.96
118,Maria Sophia Freitas,296.158.374-82,Garcia da Mata,RS,118008.8
119,Olívia Alves,346.105.927-70,Guerra,RR,363411.93
120,Pietro Sales,946.513.208-05,Rezende,PI,93516.18
121,Carolina Cirino,760.415.283-07,das Neves,BA,350663.53
122,Ana Liz Campos,908.613.427-04,Barros Verde,TO,413681.07
123,Theodoro Guerra,637.958.201-03,Viana,AM,236293.99
124,Srta. Cecilia da Paz,239.176.085-02,da Costa do Sul,BA,390405.6
125,Isadora Almeida,237.846.901-22,Peixoto Alegre,PI,152380.74
126,Ian da Rosa,613.045.289-60,Rocha,PA,77442.69
127,Srta. Sophie Andrade,159.674.380-84,Pinto,MT,224197.74
128,Leonardo Moraes,905.631.478-57,Porto,MA,285162.02
129,Miguel Moura,694.280.175-58,Borges,MT,484532.47
130,Gabriel Almeida,638.015.724-71,Jesus do Galho,MA,359180.57
131,Aurora Duarte,375.802.149-97,Correia,MT,471362.65
132,Guilherme da Cruz,961.853.247-09,Leão,MA,307721.43
133,Melissa Moura,147.802.563-80,Cirino da Prata,RR,156038.91
134,Maysa Silveira,706.915.428-30,Castro de Minas,GO,184483.45
135,Evelyn Sales,630.421.978-40,Montenegro Grande,RS,227661.96
136,Pedro Henrique Aparecida,325.908.147-04,Nogueira,GO,434272.92
137,Arthur Gabriel Rios,451.709.286-02,Sampaio da Prata,CE,65627.82
138,Vitória Duarte,385.629.047-83,Marques Grande,PR,307048.97
139,Thiago Rocha,902.614.753-80,Teixeira,GO,282567.83
140,Isabelly Cassiano,482.156.973-64,Cavalcanti do Norte,AP,307168.43
141,Mariana Cardoso,530.641.972-07,Cirino das Pedras,AM,492239.64
142,Mirella Azevedo,789.265.034-29,Farias das Pedras,MT,116351.44
143,Allana Carvalho,093.518.642-51,da Luz do Sul,TO,477164.67
144,Sra. Lívia Teixeira,762.940.513-80,Moraes Alegre,RN,252067.88
145,Ravi Lucca Almeida,028.315.746-17,Monteiro de Costela,MG,477077.67
146,Ana Laura Andrade,641.908.532-24,Lima,RR,125224.15
147,Cecilia Novaes,238.946.075-56,Nunes de Goiás,PE,145350.57
148,Maria Liz Ramos,261.038.594-33,Albuquerque de Sales,MA,136726.74
149,Guilherme Peixoto,198.306.457-20,da Rocha,PA,69204.16
150,Levi Borges,573.942.801-79,Araújo,CE,85265.83
151,Dr. Luan Correia,940.817.563-84,Fernandes,SC,357406.46
152,Enzo Gabriel Carvalho,415.728.906-49,Gonçalves,MS,140863.68
153,Renan Pastor,837.196.524-91,Porto do Sul,MS,420153.81
154,Lorenzo da Rosa,273.456.918-37,Cunha,RJ,116545.21
155,Luigi Jesus,374.692.058-29,Oliveira,RO,317771.44
156,Sr. Theodoro Souza,603.172.954-70,Pimenta de Sampaio,ES,193887.27
157,Ayla Abreu,295.017.648-85,Mendonça da Praia,ES,377196.35
158,Erick Correia,065.281.947-85,Montenegro,RS,413304.65
159,Leandro Guerra,915.407.283-23,Pimenta Paulista,PI,89162.35
160,Dra. Maria Isis Brito,784.301.592-23,Camargo,PI,300363.89
161,Valentim Farias,314.865.790-00,Caldeira de Cassiano,MA,298424.39
162,Bernardo Pinto,407.956.832-00,Leão do Oeste,AM,435480.88
163,Ravi Lucca Duarte,130.456.827-07,Santos do Oeste,SC,283859.68
164,Davi Silva,934.157.826-46,Cardoso,DF,462722.86
165,Dr. Antony Barbosa,014.372.856-35,Cavalcante de Minas,AM,55563.71
166,Bárbara Machado,961.354.820-33,Rezende de Fonseca,PE,365185.45
167,Lucas Fogaça,056.137.842-80,Caldeira da Prata,CE,314409.24
168,Maria Flor Pinto,671.403.852-62,Moreira da Praia,TO,401758.55
169,Isis Martins,985.630.427-00,Ribeiro,BA,100633.48
170,Emanuella Lopes,954.167.820-30,Mendes,DF,117339.04
171,Sr. Otto Teixeira,750.296.348-00,da Cunha da Serra,PI,304967.27
172,Vinicius Farias,074.169.582-02,da Luz,BA,312204.69
173,Sr. Ravy Sampaio,412.063.578-35,Ferreira,SP,484174.25
174,Miguel Peixoto,490.238.571-60,Duarte de Azevedo,ES,95091.8
175,Maria Pereira,261.839.470-40,Pacheco da Mata,MG,97535.67
176,Luiz Felipe Gonçalves,582.031.749-14,Câmara do Galho,PA,400795.11
177,Gabriela Carvalho,784.193.625-73,Moraes,SE,403585.53
178,Pietra Vieira,317.528.609-77,Dias,RJ,440363.87
179,João Gabriel Alves,216.578.903-68,Fogaça de Silva,PA,446061.1
180,Eloá Cavalcanti,542.763.810-53,Rodrigues de Viana,PB,445052.1
181,Dr. João Guilherme Sampaio,346.051.729-80,das Neves de Minas,RO,168861.48
182,Kaique Rodrigues,760.493.258-47,Teixeira de Aragão,RS,344654.45
183,Davi Mendonça,653.142.078-26,Ferreira de Goiás,SE,307410.46
184,Srta. Mirella Sales,641.023.875-44,Leão das Pedras,RS,262870.98
185,Dr. José Barbosa,951.348.027-50,Sá Paulista,AC,127489.88
186,Lucca Aparecida,092.638.741-31,Caldeira de Porto,AC,231338.28
187,Maria Sophia Sá,406.298.715-58,Fogaça Grande,CE,328210.02
188,Cecilia Araújo,184.693.502-42,da Mota,BA,356365.79
189,Ana Liz Sousa,032.465.719-61,Albuquerque Alegre,RR,230773.95
190,Guilherme Nascimento,840.796.231-78,Guerra,PI,228106.73
191,Ayla Pires,475.982.016-76,Azevedo do Sul,RR,445530.93
192,Benicio Pimenta,924.571.603-16,Machado,PE,360731.19
193,Pedro Lucas Duarte,046.178.395-93,Novaes dos Dourados,DF,72180.94
194,Arthur Miguel Mendonça,405.678.921-58,Monteiro do Oeste,AL,263848.19
195,Raquel Pereira,523.670.849-47,Silva,AL,170862.96
196,Catarina Melo,156.498.027-85,Gonçalves,SP,217598.31
197,Mathias Sampaio,130.895.427-14,Cavalcanti de Marques,GO,202039.74
198,Nicole Viana,395.174.206-25,Mendonça Alegre,SC,407143.43
199,Samuel Andrade,641.203.758-62,Silveira,RJ,189927.18
200,Camila Gomes,294.351.068-89,Sales de Alves,GO,429280.96
201,Marcos Vinicius Martins,697.132.850-77,Mendonça,RS,436205.65
202,Dom Correia,651.784.230-62,Barbosa da Serra,RS,358183.41
203,Heitor Novaes,796.453.081-00,Novais,BA,487623.49
204,Asafe Carvalho,647.352.980-29,Jesus da Prata,AP,152580.84
205,João Miguel Ferreira,435.926.810-60,Peixoto do Galho,BA,185216.2
206,Sr. Josué Pimenta,961.750.483-93,Farias,AP,384675.64
207,Ana Carolina Aragão,937.682.451-28,Machado da Mata,AP,398313.91
208,Gabrielly da Mota,864.591.302-05,Pires de Souza,ES,194390.74
209,Maria Eduarda Pires,461.590.372-34,Pereira de Sá,AL,377959.74
210,Samuel Caldeira,269.135.087-86,Aparecida,MT,322240.61
211,Luiza da Cunha,390.158.427-79,Pimenta,PE,90179.08
212,Vitor Hugo Mendes,298.756.401-58,Andrade de da Mata,TO,248772.47
213,João Guilherme Cirino,718.942.056-85,Rezende,RN,461044.76
214,Maria Fernanda Alves,745.209.613-43,Marques,SC,233226.66
215,Antônio Guerra,960.438.251-98,da Rosa,BA,268007.15
216,Sr. Matheus da Paz,416.327.958-09,Cassiano,RJ,282425.64
217,Enzo Gabriel Barbosa,496.037.521-34,Santos de Almeida,SE,218259.59
218,Dr. Bryan Moreira,052.179.386-68,Lopes,TO,75292.62
219,Sara Macedo,167.892.305-21,Jesus de Pimenta,DF,406170.68
220,Emanuelly Fernandes,391.760.425-61,da Costa,RS,79527.64
221,Raquel Teixeira,092.146.387-13,Costa Grande,RS,369306.23
222,Igor Cavalcante,067.129.485-76,Moura,PE,231523.31
223,Sr. Dom Jesus,459.671.320-07,Oliveira da Praia,DF,401232.39
224,Maria Helena Pinto,869.470.123-50,Nogueira,SE,285928.8
225,Kamilly Ramos,531.862.740-44,das Neves do Campo,MA,305902.53
226,Caroline Pacheco,457.932.816-73,Machado,MG,128181.81
227,Laura Souza,690.283.157-21,Peixoto,SC,443831.25
228,Rafael Caldeira,912.457.603-43,Gomes de Peixoto,RR,140327.05
229,Melissa Aparecida,720.894.653-10,Oliveira da Serra,BA,75932.38
230,Maria Júlia Costa,645.732.018-07,Barbosa,AL,64881.97
231,Bernardo Montenegro,604.271.395-70,Cunha Verde,RN,72751.68
232,Ana Beatriz Macedo,391.574.082-97,Sousa de Cirino,AM,212168.79
233,Maria Sophia Rios,263.754.198-91,Macedo da Mata,MA,139599.4
234,Maria Cecília Carvalho,405.986.371-84,Novais,TO,215758.37
235,Maria Helena Barros,169.507.384-39,Leão,TO,258898.31
236,Théo Fogaça,204.968.731-13,Mendes,SE,228624.02
237,Maria Cecília Nogueira,314.968.725-09,Camargo Verde,ES,465383.11
238,Mariane Pastor,170.256.384-71,Jesus dos Dourados,MS,356528.46
239,Letícia Siqueira,436.129.750-99,Aparecida do Galho,GO,158872.14
240,Letícia Souza,879.631.250-59,da Cruz do Norte,ES,269954.03
241,Srta. Lunna Mendes,764.891.035-75,Rodrigues,PR,250746.54
242,João Pedro Novais,160.382.549-51,Costa,PR,482234.17
243,Miguel Novais,430.628.957-56,Macedo,MG,263562.03
244,Calebe Pimenta,136.745.290-25,Caldeira,RS,298100.17
245,Luísa Gonçalves,346.270.915-16,Brito das Flores,DF,204912.05
246,Juan Silveira,618.053.729-12,Aragão do Amparo,MA,426944.2
247,Valentina Fogaça,190.453.267-52,Cirino da Prata,AM,166396.97
248,Rafaela Pereira,285.763.491-91,Jesus de Câmara,AM,423891.59
249,Gael Henrique Araújo,285.167.309-21,Cavalcanti,RO,90676.36
250,Sr. Calebe Fogaça,247.513.690-16,da Cunha dos Dourados,MA,62352.72
251,Nicolas Peixoto,562.917.048-11,da Rosa Grande,RJ,72342.97
252,Sra. Ana Vitória Castro,830.512.497-50,da Paz,PE,434219.6
253,Daniela Sá,418.902.756-11,Oliveira da Prata,RS,400923.56
254,Ana Julia Porto,162.897.043-03,Cavalcante,AL,146443.36
255,Heloisa Silva,941.638.752-55,Melo,MA,149607.98
256,Bárbara Carvalho,802.643.957-00,da Luz,RJ,151300.42
257,Liam Cardoso,182.695.437-64,Martins Paulista,RS,143028.94
258,Carolina Jesus,287.139.460-13,Caldeira do Campo,CE,343214.3
259,Fernando Vasconcelos,784.051.236-44,Albuquerque,BA,280976.56
260,Levi Ferreira,312.978.065-30,Gomes da Serra,RN,439083.47
261,Sr. Henry Gabriel da Costa,518.649.207-85,Casa Grande do Galho,PE,485212.26
262,Luna Viana,036.987.541-93,Cunha,PR,356989.88
263,Ana Carolina Rios,743.962.085-29,Monteiro dos Dourados,SE,263343.74
264,Valentim Lopes,345.927.608-83,Porto da Serra,PB,109541.34
265,Maria Alice Vasconcelos,497.608.315-20,Silva,PB,127940.3
266,Mirella Gonçalves,895.134.067-84,das Neves,DF,410389.16
267,Antony da Cunha,265.307.419-25,Andrade,AM,150696.51
268,Mariah Gomes,459.631.280-05,Pereira,AP,323754.75
269,Davi Miguel Santos,478.651.329-64,Nunes Grande,DF,474352.24
270,Sr. Bento Sampaio,741.562.098-49,Cunha de Pimenta,MG,370733.22
271,Rhavi Martins,036.417.895-75,Silveira,PR,369215.69
272,Srta. Lívia Albuquerque,453.802.796-00,Monteiro do Oeste,RS,173920.35
273,Ísis Sousa,937.815.406-93,Mendes de Câmara,GO,452967.34
274,Davi Rios,132.698.507-86,Ramos das Pedras,PA,433213.78
275,Mariana da Conceição,703.491.582-23,Barbosa,PI,256549.11
276,Sr. Gustavo Henrique Leão,036.291.578-40,Cirino Verde,RR,148194.07
277,Thomas Câmara,821.437.950-41,Rocha,AC,185965.29
278,Caleb Caldeira,451.376.802-90,Alves de Nunes,SC,284287.05
279,Noah Ribeiro,306.487.219-22,Aragão,RJ,330622.74
280,José Pedro Pimenta,916.374.085-01,Moraes,ES,313019.22
281,Dr. Cauê Pereira,049.635.278-47,da Luz,BA,53306.41
282,André Brito,026.834.157-53,Rezende do Sul,SP,499743.22
283,Marcela Albuquerque,794.315.026-07,da Mata da Prata,RJ,484918.45
284,Isabela Viana,180.693.452-33,da Cunha de Vieira,RR,427720.29
285,Arthur Sales,354.092.681-05,Mendes,DF,302655.7
286,Marina Oliveira,965.348.201-70,Gomes,MA,317197.64
287,Pedro da Paz,438.061.529-42,Nascimento,SE,177204.6
288,Sr. Matteo Fogaça,640.729.138-04,Pacheco,PE,357985.91
289,Valentina Lopes,842.563.701-53,Santos do Norte,SP,266782.29
290,Lara Gonçalves,068.513.294-33,Dias,MA,201327.64
291,Otávio Alves,214.538.096-51,Oliveira,CE,174417.46
292,Manuella da Mota,715.248.039-79,Cunha,SP,196311.68
293,Enrico Ferreira,479.612.305-99,Silveira,BA,174598.22
294,José Miguel da Rocha,765.840.312-17,Sales,CE,345253.82
295,Bella Peixoto,590.328.716-68,Brito dos Dourados,AM,478484.51
296,Maria Júlia Montenegro,938.275.160-21,Correia do Campo,RO,343159.91
297,Sr. Enzo Barbosa,925.061.438-15,Nascimento,BA,134762.04
298,Cauê Caldeira,921.750.468-85,da Rocha,SP,282782.11
299,Srta. Kamilly Sá,046.387.951-10,Pimenta,BA,158135.93
300,Nicolas Caldeira,427.103.698-69,Novaes da Serra,AC,75548.6
301,Sabrina Cirino,407.398.152-88,Cirino de Pacheco,RR,435791.91
302,Ísis Gonçalves,716.495.280-94,da Conceição,ES,414513.04
303,Maria Fernanda Moura,627.514.389-46,Mendes de Minas,SE,231844.29
304,Dr. Enzo Gabriel Casa Grande,923.546.701-25,Freitas de Minas,RR,193813.58
305,Maysa das Neves,736.091.482-50,Porto,ES,112968.28
306,Lorena Cardoso,327.096.418-87,Carvalho,CE,61454.87
307,Alexia Nogueira,927.065.148-76,Leão,BA,273817.77
308,Sra. Elisa Mendes,487.102.635-35,Silva,PB,183022.08
309,Guilherme Pacheco,039.658.172-21,Mendonça,GO,458110.2
310,Cecília Freitas,150.682.479-01,Rios,PI,232069.5
311,Sr. Kaique Cavalcanti,583.702.964-83,Cassiano,AL,381529.44
312,Ravi Lucca Santos,047.698.523-47,das Neves de Garcia,RR,312360.67
313,Cecília Araújo,510.984.267-11,da Cunha,MS,497639.18
314,Dr. Breno Gonçalves,138.726.405-26,da Mata,RR,417206.62
315,Henrique Souza,078.129.346-40,Vieira,SC,204425.17
316,Sr. Paulo Nunes,496.801.327-22,Teixeira,BA,371016.18
317,João Pedro Lopes,364.829.501-24,Barbosa,SE,358843.15
318,Guilherme Abreu,357.642.091-61,da Mota,TO,337241.12
319,Henrique da Rocha,397.421.506-99,Oliveira do Galho,DF,264080.84
320,Brenda Castro,138.420.596-98,Pinto de Minas,SP,473300.58
321,Ravy Sales,293.514.768-55,Farias da Praia,RO,211323.71
322,Calebe da Luz,291.376.805-95,da Cruz,MG,185087.67
323,Gustavo Azevedo,473.951.608-00,Moreira,SP,126494.0
324,Luan Aparecida,807.135.469-48,Rocha,AP,345926.61
325,Isabela Nogueira,897.015.236-95,Borges de Minas,RO,301211.62
326,Dr. Leandro Cavalcante,902.716.354-52,Aragão,PA,182202.82
327,Brayan Fonseca,854.361.729-46,Silva,PI,261851.39
328,Isabela Fogaça,580.214.379-79,Casa Grande das Pedras,PI,383413.5
329,Ana Cecília Souza,458.690.317-10,Gonçalves,DF,376333.99
330,Esther Novais,316.247.509-07,da Rocha,PI,301564.25
331,Sofia da Costa,120.587.493-32,da Paz do Norte,AL,460681.14
332,Luiz Gustavo Lopes,541.293.786-19,Leão,RR,476115.52
333,Gabriel Siqueira,104.896.573-20,Gomes,AM,454816.02
334,Guilherme Aragão,428.367.519-91,Ferreira de Cunha,MA,344495.59
335,Luiza Cirino,645.012.389-33,da Rosa de Carvalho,RR,150014.08
336,José Pedro Sousa,916.023.854-24,Duarte,BA,150497.57
337,Pedro Lucas Azevedo,875.236.401-17,Casa Grande,PA,442144.5
338,Amanda da Mata,628.710.934-31,Vieira de Rodrigues,GO,239212.66
339,Brenda da Mata,520.189.673-12,Casa Grande,AM,449079.6
340,Srta. Natália Ferreira,973.254.860-65,da Mata,SP,217257.09
341,Ana Beatriz da Paz,527.631.408-07,Santos,SP,313506.81
342,Manuella Dias,240.971.385-88,da Cunha dos Dourados,PB,258692.28
343,Allana Cavalcanti,278.015.943-04,Gomes,SE,103001.66
344,Josué Azevedo,140.359.276-43,Ferreira das Pedras,RR,74154.63
345,Luísa Silveira,578.203.169-77,Lopes das Flores,PE,335478.53
346,Alexandre Porto,296.841.057-11,Pacheco,BA,311140.9
347,Ryan Macedo,720.158.694-76,Aragão Verde,AL,329294.61
348,Davi Lucas Teixeira,813.075.249-23,Sousa da Mata,AP,262498.86
349,Sra. Mariana Peixoto,098.623.741-87,das Neves de Goiás,PR,137544.71
350,Heloisa Farias,639.078.425-29,Martins,PE,103917.17
351,Sr. José Miguel Castro,367.281.495-46,Cavalcanti,SC,356313.99
352,Gabriela Costa,127.803.946-50,Fogaça das Flores,AL,288427.33
353,Alícia Casa Grande,146.897.205-76,Câmara Verde,SE,235898.26
354,Srta. Isabelly Monteiro,089.746.351-00,da Rocha da Prata,AL,441882.12
355,Anna Liz da Costa,864.127.350-62,Cassiano das Pedras,SP,117850.3
356,José Nascimento,946.830.125-70,Borges,RR,496556.53
357,Giovanna Teixeira,201.594.867-85,Fogaça do Campo,MS,204201.45
358,Gabriel Cardoso,849.716.502-02,Fonseca,AL,494236.22
359,Cauã da Mota,127.546.398-37,Moura do Norte,MT,451780.31
360,Gabrielly Jesus,294.017.536-52,Almeida,PB,493992.17
361,Maria Isis Pereira,946.075.123-70,Alves,BA,114450.87
362,Isabella da Cunha,518.497.023-14,Peixoto,DF,438077.27
363,Daniel Mendonça,147.952.036-52,Cavalcanti,BA,131160.55
364,Guilherme Cardoso,710.469.528-11,Duarte de Novais,RO,86365.16
365,Erick Moreira,689.137.405-75,Rodrigues,MA,199683.25
366,Vicente Andrade,459.768.310-01,Fogaça,AP,493988.17
367,Luara da Rocha,913.786.245-64,Andrade,RN,191036.33
368,Ágatha Costa,436.189.502-33,Guerra,AP,76106.11
369,Sabrina Garcia,472.350.918-60,Cavalcante,AL,253423.95
370,Sr. Davi Luiz Mendonça,287.319.650-59,Borges de Minas,PB,144222.07
371,Cauê Lopes,862.590.314-24,Rios,TO,398094.02
372,Maria Laura Teixeira,376.852.140-08,Macedo,RN,309325.51
373,Ana da Rocha,239.751.064-25,Novaes Paulista,PE,121295.8
374,Anthony Machado,913.408.765-66,da Cruz,MT,403344.91
375,Heitor Leão,271.048.956-20,Rezende dos Dourados,AC,400888.61
376,Maya Melo,608.954.217-20,Sales,PB,108232.68
377,Ayla Farias,546.237.901-34,Albuquerque dos Dourados,SE,245170.14
378,Enzo Cirino,956.847.013-10,Montenegro de Cirino,MG,243234.38
379,Ravi Lucca Caldeira,902.367.518-59,Carvalho,TO,243061.45
380,Arthur Araújo,536.207.891-77,da Costa,MT,264830.12
381,Ana Beatriz Machado,165.873.049-66,Caldeira,AL,52101.11
382,Ravy Silva,342.089.561-51,Mendonça,ES,290202.17
383,Dr. Oliver Costa,316.059.847-01,Rocha do Norte,AP,378796.58
384,Emanuel da Costa,453.709.812-05,Santos,AL,477530.88
385,Maya Gomes,143.290.876-69,Fogaça,PA,451402.88
386,Laura Cirino,972.480.613-87,Mendonça,RN,390581.48
387,Dom Montenegro,719.462.583-00,Pires de Minas,RJ,288965.2
388,Helena Porto,075.938.416-93,Ribeiro do Oeste,MG,58062.26
389,Maria Luísa Gonçalves,947.351.682-73,Alves Verde,SE,51855.73
390,Stella Viana,690.583.214-60,Viana da Prata,GO,380121.46
391,Srta. Natália Souza,697.310.524-61,Leão da Praia,RJ,151819.57
392,Brenda Rocha,716.093.852-68,Cirino dos Dourados,AL,444643.31
393,Otávio Farias,836.705.941-75,da Cunha do Norte,TO,190441.52
394,Sra. Maria Laura Melo,215.368.974-00,Caldeira das Flores,DF,96218.7
395,Miguel Novaes,268.195.403-70,Porto de Camargo,PA,276501.42
396,Sra. Liz Fonseca,592.487.063-47,Monteiro,RN,187751.79
397,Júlia Porto,689.205.471-49,Machado de Andrade,BA,79379.16
398,Lívia Montenegro,801.945.273-79,Nogueira de Aparecida,RO,70573.26
399,Otávio Novaes,083.157.249-32,Machado,MA,476808.52
400,Sr. Mateus Leão,428.751.690-76,Pires de Mendes,MT,255166.84
401,Srta. Valentina Nascimento,951.248.730-60,Brito das Pedras,SC,284129.79
402,Maria Cecília Mendes,045.786.921-67,da Mota da Serra,RJ,285852.94
403,Ana Laura das Neves,928.751.463-19,Carvalho,MT,245149.35
404,Srta. Ana Liz Cassiano,428.619.037-40,Barros Alegre,RS,359051.07
405,Sr. Gael Fernandes,695.381.740-20,Andrade do Norte,RN,110205.24
406,Sophia Almeida,894.210.357-04,Carvalho,SE,498262.51
407,Luara Brito,096.258.413-42,Sales da Prata,MT,270580.41
408,Dra. Maria Clara Pereira,706.549.213-34,Castro,MA,387552.01
409,Melina Souza,201.856.734-90,Montenegro de Cavalcanti,PR,124197.58
410,Cauã da Rocha,241.678.035-26,Alves,PR,458102.41
411,Samuel Mendonça,046.139.587-84,Correia,PA,415403.74
412,Alice Aragão,637.582.014-62,Fernandes,RO,58606.13
413,Ana Júlia Pereira,540.167.389-20,Novaes do Galho,SE,150944.61
414,Sabrina Freitas,946.821.537-73,Cavalcanti do Amparo,DF,493195.79
415,Antony Lopes,275.104.698-30,Cardoso,AC,145035.6
416,Luiz Miguel Andrade,152.386.094-42,Nogueira da Serra,PA,59860.97
417,Ana Lívia Rocha,513.679.842-46,Fernandes do Norte,DF,277085.1
418,Lavínia Camargo,104.589.627-67,Lima do Norte,SE,105422.89
419,Leonardo Caldeira,627.493.580-00,Castro,MT,369999.54
420,Arthur Miguel Montenegro,583.609.217-68,Borges de Castro,PE,406457.22
421,Letícia Sales,365.279.408-74,Novais,RS,218836.59
422,Isabella Vasconcelos,743.518.260-53,Oliveira,SE,338144.49
423,Leandro Teixeira,027.489.156-58,Pastor,PE,397062.35
424,Dra. Fernanda Dias,701.346.598-48,Cassiano de Costa,DF,330410.65
425,Maya Barros,496.528.307-47,Moura,MT,317265.83
426,Sr. Murilo Abreu,380.492.165-51,Mendes dos Dourados,RS,71582.17
427,Pedro Farias,451.307.869-39,Câmara Paulista,RS,98651.05
428,Dr. Pedro Lucas Moreira,519.246.037-99,Barros de Nogueira,RJ,426254.0
429,Olívia Borges,905.784.163-01,Sá Verde,SP,71705.78
430,Srta. Alexia Jesus,504.821.397-14,Novaes,CE,102105.42
431,Srta. Ana Vitória Camargo,563.049.178-48,Ramos,SE,249941.43
432,Erick Lima,271.308.945-04,Alves,PI,105617.78
433,Heloísa Carvalho,476.829.350-65,Machado,TO,163732.23
434,Nina Pires,308.924.571-04,Brito,RO,365840.7
435,Yago Farias,845.261.709-76,Farias do Oeste,AP,142472.71
436,Sr. Gael Pereira,617.902.354-99,Costa de Pastor,PA,358583.01
437,Dr. Henrique da Cruz,810.274.359-04,Aparecida,RO,54187.05
438,Léo Camargo,174.682.590-11,Costa das Flores,PI,239392.16
439,Sara Marques,513.829.647-73,Almeida de Oliveira,AM,95440.93
440,Ágatha Abreu,582.496.017-85,Costa do Norte,AP,284139.16
441,Manuela Campos,543.806.197-10,Casa Grande Paulista,DF,330259.0
442,Cauã Fernandes,372.418.056-07,Camargo,SE,365326.86
443,Cecília Silveira,395.287.164-82,Pereira das Flores,MG,238471.59
444,Anthony Gabriel da Cruz,029.567.348-65,Pastor,AC,454379.87
445,Guilherme Marques,280.914.536-98,Dias,AC,280213.15
446,Dr. Vitor Silveira,085.126.743-26,Pires de Alves,SE,327964.08
447,Srta. Stephany da Rocha,612.385.970-68,Araújo,SE,177218.05
448,Dr. José Montenegro,251.039.476-25,Ribeiro Grande,CE,403142.03
449,Luiz Miguel Abreu,506.124.387-08,Sales,RO,273982.58
450,Heloisa Duarte,142.906.537-07,Almeida de Vargas,MS,324050.81
451,Rebeca Vargas,045.291.736-07,Ramos do Norte,GO,400081.51
452,Mateus Nogueira,862.140.953-42,Lopes,PB,424174.47
453,Sara Caldeira,673.402.158-08,Barbosa do Norte,GO,487903.88
454,Sra. Emanuelly Moraes,319.570.864-75,Cavalcanti da Prata,RR,211064.83
455,Dr. João Guilherme da Costa,526.741.803-07,da Cunha dos Dourados,MT,234390.3
456,Amanda das Neves,109.568.734-48,Câmara,AP,122168.12
457,Kamilly da Rosa,018.425.793-04,Moreira Verde,MA,296662.44
458,Ágatha Barbosa,895.140.276-20,da Rosa,AC,459660.48
459,Lucca Mendes,468.025.937-00,Gonçalves do Oeste,AP,359691.76
460,Bianca Ferreira,864.527.391-82,Brito Verde,MS,266298.77
461,Sra. Hellena Aparecida,317.025.964-43,Aragão,ES,155527.37
462,Srta. Maria Isis Montenegro,584.102.976-20,da Conceição,AP,55737.23
463,Antonella Rios,792.460.183-03,Rocha,PR,90051.28
464,Clara Pires,748.230.169-04,Monteiro das Pedras,MT,99693.91
465,Henrique Lima,493.051.862-89,da Conceição de Aragão,SP,308368.74
466,Luiz Gustavo Novais,132.675.094-16,Caldeira da Serra,DF,272346.81
467,Breno Almeida,831.794.652-55,Castro de Gonçalves,TO,477250.71
468,João Guilherme Novaes,092.513.867-30,da Conceição da Prata,AC,400786.8
469,Isabelly Moura,387.952.401-79,Marques,PE,83771.7
470,Bárbara Campos,715.328.490-79,Vieira dos Dourados,SE,375609.31
471,João Gabriel Câmara,347.012.689-50,Vieira,MT,457150.72
472,Aurora Teixeira,168.924.370-87,da Rocha Grande,AM,339951.56
473,Benicio Andrade,349.682.501-42,Montenegro,SP,255538.06
474,Caleb Pacheco,724.561.038-07,Cavalcante do Galho,PR,489780.93
475,Maria Fernanda Ramos,861.043.579-20,da Cruz do Campo,AC,168856.26
476,Nicolas Gomes,245.967.130-06,Fernandes de Minas,PI,72536.09
477,Diogo Souza,569.741.203-70,Ferreira da Prata,MG,415930.29
478,Maria Alice Araújo,408.619.275-67,Cardoso do Amparo,GO,443363.2
479,Diego Casa Grande,390.541.862-24,Duarte do Sul,GO,433511.91
480,Augusto Cardoso,265.490.871-20,Silveira,TO,212096.6
481,Dante da Mota,675.032.418-53,Freitas do Campo,AP,354544.94
482,Gael Campos,361.952.480-70,Moraes,GO,241697.84
483,Sr. Isaac Lopes,694.271.385-64,Pimenta de Pires,AL,102155.47
484,Maria Alice Caldeira,548.701.963-01,Peixoto do Campo,MS,433060.66
485,Igor Mendonça,094.123.785-05,Oliveira,RS,450631.41
486,Asafe Pastor,634.291.078-22,Santos Verde,BA,54352.55
487,Júlia Cunha,865.097.124-58,Cavalcanti do Amparo,AL,112277.5
488,Sra. Ana Laura Moreira,734.521.908-97,Moreira,DF,341239.38
489,Aylla Gonçalves,753.940.261-06,Borges,RS,197897.37
490,Luiz Otávio Siqueira,945.126.308-05,Novais de Minas,AC,452537.43
491,Maria Pires,951.378.206-95,das Neves,AC,479790.12
492,Mirella Dias,540.312.768-26,da Cunha de Pimenta,AP,170739.23
493,Noah Costa,217.895.604-11,Albuquerque,MT,379880.58
494,Sr. Juan Araújo,674.251.890-11,Rios,MS,217679.97
495,Luan Pastor,510.923.467-16,Farias do Oeste,MS,204225.23
496,Dr. José Miguel Vieira,792.385.146-82,Costela,BA,101224.4
497,Evelyn Pereira,937.615.402-99,Siqueira Verde,SE,230112.6
498,Isabella Pimenta,175.982.406-20,da Luz,PI,255442.41
499,João Pedro Cavalcanti,175.920.843-41,Souza do Amparo,TO,426068.76
500,Raquel Pastor,937.584.210-04,Silveira Paulista,PI,360456.09
